{
 "files": [
  {
   "name": ".",
   "ftype": "dir",
   "chksum_type": null,
   "chksum_sha256": null,
   "format": 1
  },
  {
   "name": "codecov.yml",
   "ftype": "file",
   "chksum_type": "sha256",
   "chksum_sha256": "4de622ff222475baea8a263ec15f8f40a62d77caa0ef6537bf4f638d4a834ec1",
   "format": 1
  },
  {
   "name": "LICENSE",
   "ftype": "file",
   "chksum_type": "sha256",
   "chksum_sha256": "3972dc9744f6499f0f9b2dbf76696f2ae7ad8af9b23dde66d6af86c9dfb36986",
   "format": 1
  },
  {
   "name": ".yamllint",
   "ftype": "file",
   "chksum_type": "sha256",
   "chksum_sha256": "386fa31449c09e5df093aa72eabcb7653011a90181dc30b539ac67dbe3b17bf4",
   "format": 1
  },
  {
   "name": "requirements.txt",
   "ftype": "file",
   "chksum_type": "sha256",
   "chksum_sha256": "be1d32c772e4fc0a8a5da8e408ff93c681f749c15b393162dad6643da794e5d0",
   "format": 1
  },
  {
   "name": "meta",
   "ftype": "dir",
   "chksum_type": null,
   "chksum_sha256": null,
   "format": 1
  },
  {
   "name": "meta/runtime.yml",
   "ftype": "file",
   "chksum_type": "sha256",
   "chksum_sha256": "8bf37857747519ae421fbe81a6469007b336d031a85d358974229f7d3b57154e",
   "format": 1
  },
  {
   "name": "README.md",
   "ftype": "file",
   "chksum_type": "sha256",
   "chksum_sha256": "9fe91f68a45a8cd636a8e028a7ae42440b1f612096565d4b944ec1270e4bbe5e",
   "format": 1
  },
  {
   "name": "plugins",
   "ftype": "dir",
   "chksum_type": null,
   "chksum_sha256": null,
   "format": 1
  },
  {
   "name": "plugins/become",
   "ftype": "dir",
   "chksum_type": null,
   "chksum_sha256": null,
   "format": 1
  },
  {
   "name": "plugins/become/enable.py",
   "ftype": "file",
   "chksum_type": "sha256",
   "chksum_sha256": "0bbcfd4eac913f404d25ae35209d7f3ba62989009f6fa73be8a4d39de3b48ef4",
   "format": 1
  },
  {
   "name": "plugins/connection",
   "ftype": "dir",
   "chksum_type": null,
   "chksum_sha256": null,
   "format": 1
  },
  {
   "name": "plugins/connection/libssh.py",
   "ftype": "file",
   "chksum_type": "sha256",
   "chksum_sha256": "9a467bf3a06e9fa6a81b79be37b78c1fe6ae90c6923d36ddaaa0d66c5e8031ec",
   "format": 1
  },
  {
   "name": "plugins/connection/grpc.py",
   "ftype": "file",
   "chksum_type": "sha256",
   "chksum_sha256": "9e91e5595a2d4537340de6d14fd60c4a465948d533ad94d136359854c683d998",
   "format": 1
  },
  {
   "name": "plugins/connection/netconf.py",
   "ftype": "file",
   "chksum_type": "sha256",
   "chksum_sha256": "cec6828c85edc627a81ac2e92a22d347abf0a9a5fd7ae617d04d8c7ba938e613",
   "format": 1
  },
  {
   "name": "plugins/connection/persistent.py",
   "ftype": "file",
   "chksum_type": "sha256",
   "chksum_sha256": "70b3882fe3d2e0710a2159f25ed2080b33ca16b2684da2380e51dcfe3542f384",
   "format": 1
  },
  {
   "name": "plugins/connection/network_cli.py",
   "ftype": "file",
   "chksum_type": "sha256",
   "chksum_sha256": "6daa45df83be72bed76443a87e160b54446b773d8042df58aa18fdb50b349a33",
   "format": 1
  },
  {
   "name": "plugins/connection/httpapi.py",
   "ftype": "file",
   "chksum_type": "sha256",
   "chksum_sha256": "4682f1ba34282794e361298b3e8e4bee251f106c3edfc90893f97f6f95c79015",
   "format": 1
  },
  {
   "name": "plugins/netconf",
   "ftype": "dir",
   "chksum_type": null,
   "chksum_sha256": null,
   "format": 1
  },
  {
   "name": "plugins/netconf/default.py",
   "ftype": "file",
   "chksum_type": "sha256",
   "chksum_sha256": "c96c6d9d3ec5e3c5248505e3f1f4e6728ceda00e38503b78cdc493d28bcca3b4",
   "format": 1
  },
  {
   "name": "plugins/cache",
   "ftype": "dir",
   "chksum_type": null,
   "chksum_sha256": null,
   "format": 1
  },
  {
   "name": "plugins/cache/memory.py",
   "ftype": "file",
   "chksum_type": "sha256",
   "chksum_sha256": "741033bfd18a35bc814b44e46fd213f5bc4b078b62dfa556baac1079211e3ea5",
   "format": 1
  },
  {
   "name": "plugins/httpapi",
   "ftype": "dir",
   "chksum_type": null,
   "chksum_sha256": null,
   "format": 1
  },
  {
   "name": "plugins/httpapi/restconf.py",
   "ftype": "file",
   "chksum_type": "sha256",
   "chksum_sha256": "f8191e84e02b82aa5c4aad0c52bb54c1bdbfdd9af15ad7b19abe90a152fa4aeb",
   "format": 1
  },
  {
   "name": "plugins/cliconf",
   "ftype": "dir",
   "chksum_type": null,
   "chksum_sha256": null,
   "format": 1
  },
  {
   "name": "plugins/cliconf/default.py",
   "ftype": "file",
   "chksum_type": "sha256",
   "chksum_sha256": "05007d881eebc12579435d8ce26e5c981786e6d1966958d061eaeef3b29b5742",
   "format": 1
  },
  {
   "name": "plugins/plugin_utils",
   "ftype": "dir",
   "chksum_type": null,
   "chksum_sha256": null,
   "format": 1
  },
  {
   "name": "plugins/plugin_utils/connection_base.py",
   "ftype": "file",
   "chksum_type": "sha256",
   "chksum_sha256": "8d332bd4dfd00daf050050d2d91b1d07e5f93b38166d862f752a4145569f9397",
   "format": 1
  },
  {
   "name": "plugins/plugin_utils/pop_ace.py",
   "ftype": "file",
   "chksum_type": "sha256",
   "chksum_sha256": "518b1b752a1f783f927859e6f76c9f2f23a551bbbcb83db87babbab64f330844",
   "format": 1
  },
  {
   "name": "plugins/plugin_utils/httpapi_base.py",
   "ftype": "file",
   "chksum_type": "sha256",
   "chksum_sha256": "476a70a781bfac0e430733345bab55715ba638b1a6956c38add91745281f2d4f",
   "format": 1
  },
  {
   "name": "plugins/plugin_utils/vlan_expander.py",
   "ftype": "file",
   "chksum_type": "sha256",
   "chksum_sha256": "cd627a4cdb9367c8baa9a55c0ad44fd6a77d863f0e2c11e737da74612ea8bdc2",
   "format": 1
  },
  {
   "name": "plugins/plugin_utils/type5_pw.py",
   "ftype": "file",
   "chksum_type": "sha256",
   "chksum_sha256": "21a038045bea2ef2919bd540dd7d308eb643cefa480d4eceb6686fee90532d48",
   "format": 1
  },
  {
   "name": "plugins/plugin_utils/netconf_base.py",
   "ftype": "file",
   "chksum_type": "sha256",
   "chksum_sha256": "11e22a9e4e1de3d8416792330ed4e2bea8cecd5208d3591cfac396e0e1280108",
   "format": 1
  },
  {
   "name": "plugins/plugin_utils/vlan_parser.py",
   "ftype": "file",
   "chksum_type": "sha256",
   "chksum_sha256": "32e8e991937ab6bc643a307ba676ac997a975fb8a78ffccda88d1d751567b3bf",
   "format": 1
  },
  {
   "name": "plugins/plugin_utils/version.py",
   "ftype": "file",
   "chksum_type": "sha256",
   "chksum_sha256": "3f562bd90163cff9a7b0af4ac2fffa2cd8ce61b6e85d65ffe25b0562f0d8aa8e",
   "format": 1
  },
  {
   "name": "plugins/plugin_utils/parse_xml.py",
   "ftype": "file",
   "chksum_type": "sha256",
   "chksum_sha256": "f5afec2a0dba75e52a06c3a864625f70c56fa623d5f2958f36f31ff41e30db5d",
   "format": 1
  },
  {
   "name": "plugins/plugin_utils/terminal_base.py",
   "ftype": "file",
   "chksum_type": "sha256",
   "chksum_sha256": "dca6ac7e9fd4752538aa25ac4836a16264b7669afb513ee6acd7571be348f5d5",
   "format": 1
  },
  {
   "name": "plugins/plugin_utils/cliconf_base.py",
   "ftype": "file",
   "chksum_type": "sha256",
   "chksum_sha256": "edb62c9a8ee9060bc50d1c902d9c4f03c83515500ed3838265fd7164b59e7c2e",
   "format": 1
  },
  {
   "name": "plugins/plugin_utils/hash_salt.py",
   "ftype": "file",
   "chksum_type": "sha256",
   "chksum_sha256": "0696153374e089369f61a6625ce81988e8e9d9cd09b5e90f1d65dba5cc651bf6",
   "format": 1
  },
  {
   "name": "plugins/plugin_utils/comp_type5.py",
   "ftype": "file",
   "chksum_type": "sha256",
   "chksum_sha256": "a181233e662f2bd8885e774e6231a9dff3ff05126a40cb6e6b9d79051ec6e401",
   "format": 1
  },
  {
   "name": "plugins/plugin_utils/compat",
   "ftype": "dir",
   "chksum_type": null,
   "chksum_sha256": null,
   "format": 1
  },
  {
   "name": "plugins/plugin_utils/compat/telnetlib.py",
   "ftype": "file",
   "chksum_type": "sha256",
   "chksum_sha256": "a9b0ad1fa494a098d52db1df06c903c22825ca097a6df911fa965321d890205d",
   "format": 1
  },
  {
   "name": "plugins/plugin_utils/parse_cli_textfsm.py",
   "ftype": "file",
   "chksum_type": "sha256",
   "chksum_sha256": "7a8f132e5006ab3afc28cc649846e875e444098ee1956e7941133e5a3a59f505",
   "format": 1
  },
  {
   "name": "plugins/plugin_utils/parse_cli.py",
   "ftype": "file",
   "chksum_type": "sha256",
   "chksum_sha256": "54e62f16cca8c6243bae5c7eac91b38ee5af0398d5eb5d9803e87192143102e4",
   "format": 1
  },
  {
   "name": "plugins/modules",
   "ftype": "dir",
   "chksum_type": null,
   "chksum_sha256": null,
   "format": 1
  },
  {
   "name": "plugins/modules/network_resource.py",
   "ftype": "file",
   "chksum_type": "sha256",
   "chksum_sha256": "cf30880d4a98ffffd07ad6dd6e5d129bc4d201655267e2da33a03212d0ba53e5",
   "format": 1
  },
  {
   "name": "plugins/modules/telnet.py",
   "ftype": "file",
   "chksum_type": "sha256",
   "chksum_sha256": "4fd508b2faf1c6ab7042887e03197d90fc19a3832894db88462529ac4a729bf4",
   "format": 1
  },
  {
   "name": "plugins/modules/restconf_get.py",
   "ftype": "file",
   "chksum_type": "sha256",
   "chksum_sha256": "4422cc95796e468190815c334a65127345e9543bb7d2a2edff28183892e0ddeb",
   "format": 1
  },
  {
   "name": "plugins/modules/net_get.py",
   "ftype": "file",
   "chksum_type": "sha256",
   "chksum_sha256": "2648915107fab66fde9e6d90d698445ba675974b702a1847354eb7ad8bd3600e",
   "format": 1
  },
  {
   "name": "plugins/modules/netconf_get.py",
   "ftype": "file",
   "chksum_type": "sha256",
   "chksum_sha256": "c19f333c998de03a052c033fb6e32342f800e77b82eed4930cd505b15b882388",
   "format": 1
  },
  {
   "name": "plugins/modules/net_put.py",
   "ftype": "file",
   "chksum_type": "sha256",
   "chksum_sha256": "cb0fac80bee26d7417df12681dc714dc3cfba1862ce8468ec4d32c4ab2a81746",
   "format": 1
  },
  {
   "name": "plugins/modules/net_ping.py",
   "ftype": "file",
   "chksum_type": "sha256",
   "chksum_sha256": "22089b045eb7c35003893cbffac47304e16e9bc4f3b4fc1ea17a4d8d34a41524",
   "format": 1
  },
  {
   "name": "plugins/modules/grpc_get.py",
   "ftype": "file",
   "chksum_type": "sha256",
   "chksum_sha256": "910218ce8d1a19312401814078bc98196ea2105dd1955ff26f94c035459ab09b",
   "format": 1
  },
  {
   "name": "plugins/modules/cli_config.py",
   "ftype": "file",
   "chksum_type": "sha256",
   "chksum_sha256": "f4f56b6785ed2605d24193040f85774791a5be891b5dd357e1c7835a98adcbef",
   "format": 1
  },
  {
   "name": "plugins/modules/netconf_config.py",
   "ftype": "file",
   "chksum_type": "sha256",
   "chksum_sha256": "6efee4512b5737e3f13878757c3597973a9618f33fb4efbf2cf30c3d2ac04644",
   "format": 1
  },
  {
   "name": "plugins/modules/restconf_config.py",
   "ftype": "file",
   "chksum_type": "sha256",
   "chksum_sha256": "d72401fa8e8ab283c331ce10b1db90915cff9736bb6465843e424f97b28a5710",
   "format": 1
  },
  {
   "name": "plugins/modules/cli_backup.py",
   "ftype": "file",
   "chksum_type": "sha256",
   "chksum_sha256": "16e3cae6daa4a54560a367de150d2d5e01ff5808afbb6cb249cfaa19a839b326",
   "format": 1
  },
  {
   "name": "plugins/modules/netconf_rpc.py",
   "ftype": "file",
   "chksum_type": "sha256",
   "chksum_sha256": "1ac88505fa9ba51da7cd97381cba46448c615be2025031ea6cba45b05b440211",
   "format": 1
  },
  {
   "name": "plugins/modules/cli_command.py",
   "ftype": "file",
   "chksum_type": "sha256",
   "chksum_sha256": "540443f95fa400cbd96c1d5ba23237b1038fceebac038ad46950ae474db6bd1a",
   "format": 1
  },
  {
   "name": "plugins/modules/grpc_config.py",
   "ftype": "file",
   "chksum_type": "sha256",
   "chksum_sha256": "4cbbd47b5b26f41c4b1047fd384144d32172a927e5cc0b7ed7386e8ddb78c332",
   "format": 1
  },
  {
   "name": "plugins/sub_plugins",
   "ftype": "dir",
   "chksum_type": null,
   "chksum_sha256": null,
   "format": 1
  },
  {
   "name": "plugins/sub_plugins/grpc",
   "ftype": "dir",
   "chksum_type": null,
   "chksum_sha256": null,
   "format": 1
  },
  {
   "name": "plugins/sub_plugins/grpc/base.py",
   "ftype": "file",
   "chksum_type": "sha256",
   "chksum_sha256": "574c09c370cecbb87a829e3f2fa1c8aa4afc287ad2d06654e06aa220d9e3fa5f",
   "format": 1
  },
  {
   "name": "plugins/sub_plugins/cli_parser",
   "ftype": "dir",
   "chksum_type": null,
   "chksum_sha256": null,
   "format": 1
  },
  {
   "name": "plugins/sub_plugins/cli_parser/native_parser.py",
   "ftype": "file",
   "chksum_type": "sha256",
   "chksum_sha256": "c7eec487e1e86bb1771cc20a82d5e73f50c5e1c1cdc040d0cd5c7a811bbc065f",
   "format": 1
  },
  {
   "name": "plugins/sub_plugins/cli_parser/content_templates_parser.py",
   "ftype": "file",
   "chksum_type": "sha256",
   "chksum_sha256": "93e626a57e3e6cfa74583e6219f5273a6359cb381c9278a1e74873cd2e3ccae9",
   "format": 1
  },
  {
   "name": "plugins/sub_plugins/cli_parser/ntc_templates_parser.py",
   "ftype": "file",
   "chksum_type": "sha256",
   "chksum_sha256": "fd7f6149a055b84ea2740eb780f965369cf57b9e87cd438ca2511f650923566e",
   "format": 1
  },
  {
   "name": "plugins/sub_plugins/cli_parser/pyats_parser.py",
   "ftype": "file",
   "chksum_type": "sha256",
   "chksum_sha256": "e17c6c56c2644c32ae60040d1011ee855c2b1ce48f6cae9df8625353e830e8d2",
   "format": 1
  },
  {
   "name": "plugins/doc_fragments",
   "ftype": "dir",
   "chksum_type": null,
   "chksum_sha256": null,
   "format": 1
  },
  {
   "name": "plugins/doc_fragments/network_agnostic.py",
   "ftype": "file",
   "chksum_type": "sha256",
   "chksum_sha256": "7c296eab68967ae69f6ca50923781f1971e8e3ec1db26d51d5c9c84916c66dcb",
   "format": 1
  },
  {
   "name": "plugins/doc_fragments/connection_persistent.py",
   "ftype": "file",
   "chksum_type": "sha256",
   "chksum_sha256": "5282e3baa0e06d00f59879b69ec959864189a27e6cb1f1020e13d4759f76d81c",
   "format": 1
  },
  {
   "name": "plugins/filter",
   "ftype": "dir",
   "chksum_type": null,
   "chksum_sha256": null,
   "format": 1
  },
  {
   "name": "plugins/filter/pop_ace.py",
   "ftype": "file",
   "chksum_type": "sha256",
   "chksum_sha256": "f06bfc970ebe8b0e50834346e6e3c9022439ef73881b66469db47cb6e43bcc48",
   "format": 1
  },
  {
   "name": "plugins/filter/vlan_expander.py",
   "ftype": "file",
   "chksum_type": "sha256",
   "chksum_sha256": "b557d97d3d0c9e0e46238e6e71c7160103f77eefb0edf394c76ba5bdd4d5cfbd",
   "format": 1
  },
  {
   "name": "plugins/filter/type5_pw.py",
   "ftype": "file",
   "chksum_type": "sha256",
   "chksum_sha256": "c61265a99973814b46b45bd1cb803bfeae74e543c16be54e354af2eafc36019c",
   "format": 1
  },
  {
   "name": "plugins/filter/vlan_parser.py",
   "ftype": "file",
   "chksum_type": "sha256",
   "chksum_sha256": "48d710e0758ae4be43e607b5d61c88109910e8ba00de1aba08280af8532831b1",
   "format": 1
  },
  {
   "name": "plugins/filter/parse_xml.py",
   "ftype": "file",
   "chksum_type": "sha256",
   "chksum_sha256": "026eb6ddb55446fba4bd0a55136bfadba032fa9096a808845429a78ed4307cb5",
   "format": 1
  },
  {
   "name": "plugins/filter/hash_salt.py",
   "ftype": "file",
   "chksum_type": "sha256",
   "chksum_sha256": "98d4c28d99d131c24f40757ee84ed051b58bbb0ba41efc4da70a6465f6762f8e",
   "format": 1
  },
  {
   "name": "plugins/filter/comp_type5.py",
   "ftype": "file",
   "chksum_type": "sha256",
   "chksum_sha256": "84d21521b720af7a1ab82ece23e48a7eae3648060ea287fa1265bb95af8b10f9",
   "format": 1
  },
  {
   "name": "plugins/filter/parse_cli_textfsm.py",
   "ftype": "file",
   "chksum_type": "sha256",
   "chksum_sha256": "e5c994c3fd64b40dc12686699d8c2b6cd15e3a2af09372ecf7025b7621bc4bec",
   "format": 1
  },
  {
   "name": "plugins/filter/parse_cli.py",
   "ftype": "file",
   "chksum_type": "sha256",
   "chksum_sha256": "9d8dbc303de5ef03a3eddd852b05a699b68790f04baff05cb7b0341c8c1ea9e4",
   "format": 1
  },
  {
   "name": "plugins/module_utils",
   "ftype": "dir",
   "chksum_type": null,
   "chksum_sha256": null,
   "format": 1
  },
  {
   "name": "plugins/module_utils/cli_parser",
   "ftype": "dir",
   "chksum_type": null,
   "chksum_sha256": null,
   "format": 1
  },
  {
   "name": "plugins/module_utils/cli_parser/cli_parsertemplate.py",
   "ftype": "file",
   "chksum_type": "sha256",
   "chksum_sha256": "52b5158c8924c2aa32e8c9ed5cd3f74ab5cf69e8e158ac1670e3ba298d7d06ea",
   "format": 1
  },
  {
   "name": "plugins/module_utils/cli_parser/cli_parserbase.py",
   "ftype": "file",
   "chksum_type": "sha256",
   "chksum_sha256": "7744c2e8dc35994dc90085c20ecc3725c331502335426febbed4d740e6cbe741",
   "format": 1
  },
  {
   "name": "plugins/module_utils/network",
   "ftype": "dir",
   "chksum_type": null,
   "chksum_sha256": null,
   "format": 1
  },
  {
   "name": "plugins/module_utils/network/common",
   "ftype": "dir",
   "chksum_type": null,
   "chksum_sha256": null,
   "format": 1
  },
  {
   "name": "plugins/module_utils/network/common/parsing.py",
   "ftype": "file",
   "chksum_type": "sha256",
   "chksum_sha256": "330f819b5a384f216cbb12d0d1c2e37c6b33e4a9d94c554b23ce33f3c55b03cd",
   "format": 1
  },
  {
   "name": "plugins/module_utils/network/common/netconf.py",
   "ftype": "file",
   "chksum_type": "sha256",
   "chksum_sha256": "4befbe9e99dfb53df38261b4529a0c63548a09388047d95253def63dcb1634d8",
   "format": 1
  },
  {
   "name": "plugins/module_utils/network/common/facts",
   "ftype": "dir",
   "chksum_type": null,
   "chksum_sha256": null,
   "format": 1
  },
  {
   "name": "plugins/module_utils/network/common/facts/facts.py",
   "ftype": "file",
   "chksum_type": "sha256",
   "chksum_sha256": "cebeff7f9f126b57118f1617a70428d0c45780f53974d3db7b3fc699b6f668dc",
   "format": 1
  },
  {
   "name": "plugins/module_utils/network/common/utils.py",
   "ftype": "file",
   "chksum_type": "sha256",
   "chksum_sha256": "8d2362f9f323d8fcd35bafa1dd96dacc272a919e13096e3a8b820584b36e9b4d",
   "format": 1
  },
  {
   "name": "plugins/module_utils/network/common/cfg",
   "ftype": "dir",
   "chksum_type": null,
   "chksum_sha256": null,
   "format": 1
  },
  {
   "name": "plugins/module_utils/network/common/cfg/base.py",
   "ftype": "file",
   "chksum_type": "sha256",
   "chksum_sha256": "1bcd73c6b06714fd0d42365bc4b9613e9353519747bf73628f4392b60f697a35",
   "format": 1
  },
  {
   "name": "plugins/module_utils/network/common/config.py",
   "ftype": "file",
   "chksum_type": "sha256",
   "chksum_sha256": "fed7e54d76887f95cc09fdadb2fc36a849fa30a9f0ec3d9b79bdbd325fccb1ea",
   "format": 1
  },
  {
   "name": "plugins/module_utils/network/common/network.py",
   "ftype": "file",
   "chksum_type": "sha256",
   "chksum_sha256": "c60d2dae88ceafbf5e499f536d7a29f23392e3f6a162596c8ae3b2589660b4ce",
   "format": 1
  },
  {
   "name": "plugins/module_utils/network/common/rm_base",
   "ftype": "dir",
   "chksum_type": null,
   "chksum_sha256": null,
   "format": 1
  },
  {
   "name": "plugins/module_utils/network/common/rm_base/resource_module_base.py",
   "ftype": "file",
   "chksum_type": "sha256",
   "chksum_sha256": "1f4a1af713cb0702623a786196097b8d7371d81ecc2a9d8b9b2a07590954e29f",
   "format": 1
  },
  {
   "name": "plugins/module_utils/network/common/rm_base/network_template.py",
   "ftype": "file",
   "chksum_type": "sha256",
   "chksum_sha256": "74951f1acab2b66f875cf0103618718688d4d3b10c064353c1bbb7ea4c874495",
   "format": 1
  },
  {
   "name": "plugins/module_utils/network/common/rm_base/resource_module.py",
   "ftype": "file",
   "chksum_type": "sha256",
   "chksum_sha256": "98a161ebcb97831b138c00d0dbb0e1e010028e5b8d9fe9abc5a0c842efe85586",
   "format": 1
  },
  {
   "name": "plugins/module_utils/network/grpc",
   "ftype": "dir",
   "chksum_type": null,
   "chksum_sha256": null,
   "format": 1
  },
  {
   "name": "plugins/module_utils/network/grpc/grpc.py",
   "ftype": "file",
   "chksum_type": "sha256",
   "chksum_sha256": "4d7efa4ee81ef34b9296c6d43e22772c2874088d770c8d0e0ecbcacd37c9964c",
   "format": 1
  },
  {
   "name": "plugins/module_utils/network/netconf",
   "ftype": "dir",
   "chksum_type": null,
   "chksum_sha256": null,
   "format": 1
  },
  {
   "name": "plugins/module_utils/network/netconf/netconf.py",
   "ftype": "file",
   "chksum_type": "sha256",
   "chksum_sha256": "789521735521699d79d8d81889a91317c92cb1740cce872cb5f79a418fa8ff95",
   "format": 1
  },
  {
   "name": "plugins/module_utils/network/restconf",
   "ftype": "dir",
   "chksum_type": null,
   "chksum_sha256": null,
   "format": 1
  },
  {
   "name": "plugins/module_utils/network/restconf/restconf.py",
   "ftype": "file",
   "chksum_type": "sha256",
   "chksum_sha256": "befb0fefc07679bcddf18d67e21d608e3ed9fe94cfa8a137ffe6e91a5d23c92e",
   "format": 1
  },
  {
   "name": "plugins/module_utils/utils",
   "ftype": "dir",
   "chksum_type": null,
   "chksum_sha256": null,
   "format": 1
  },
  {
   "name": "plugins/module_utils/utils/data.py",
   "ftype": "file",
   "chksum_type": "sha256",
   "chksum_sha256": "c7007f9465ffc3bf435aa9df026e8c32be66ded154c408432335aea069cd51fb",
   "format": 1
  },
  {
   "name": "plugins/action",
   "ftype": "dir",
   "chksum_type": null,
   "chksum_sha256": null,
   "format": 1
  },
  {
   "name": "plugins/action/grpc.py",
   "ftype": "file",
   "chksum_type": "sha256",
   "chksum_sha256": "2722eb0c61acd2fa06155215e99cb0f547690fb3fd5a5b4e656fad90ad091dea",
   "format": 1
  },
  {
   "name": "plugins/action/network_resource.py",
   "ftype": "file",
   "chksum_type": "sha256",
   "chksum_sha256": "803d2f14fcf591141a911bd4fe2347207214fdcf51b24d86d20e149e701da1ce",
   "format": 1
  },
  {
   "name": "plugins/action/telnet.py",
   "ftype": "file",
   "chksum_type": "sha256",
   "chksum_sha256": "59f1760ccd5ead64f4b09ded6d4351658000d3b00551cc436e2021ad8a21d5d3",
   "format": 1
  },
  {
   "name": "plugins/action/netconf.py",
   "ftype": "file",
   "chksum_type": "sha256",
   "chksum_sha256": "6f9928c9aa7036ddf8e40c6dab2769957374cf8e1611bc64b93dd9a483216764",
   "format": 1
  },
  {
   "name": "plugins/action/net_get.py",
   "ftype": "file",
   "chksum_type": "sha256",
   "chksum_sha256": "465c08750ad23645e914f08b7e23809f018f36c7607f0f4f810ee3b67004e09f",
   "format": 1
  },
  {
   "name": "plugins/action/net_put.py",
   "ftype": "file",
   "chksum_type": "sha256",
   "chksum_sha256": "c3b3f7d7713cb8e178b2b38dbe114aaf2b4644bc10b3f2f3e3e80e03442baa34",
   "format": 1
  },
  {
   "name": "plugins/action/net_ping.py",
   "ftype": "file",
   "chksum_type": "sha256",
   "chksum_sha256": "272e933618a9020df35d879662acf8c2c9f771496e64b2ce2a27a0b114092aa2",
   "format": 1
  },
  {
   "name": "plugins/action/network.py",
   "ftype": "file",
   "chksum_type": "sha256",
   "chksum_sha256": "29df4ed0309595ee6317961ba7f9f8600c53cd9e71808111406e0f1df1b65d42",
   "format": 1
  },
  {
   "name": "plugins/action/cli_config.py",
   "ftype": "file",
   "chksum_type": "sha256",
   "chksum_sha256": "fb4dc58e8b24d2167d5b2e439c9e685160ca577d43589c0aa211b9b61202c5a4",
   "format": 1
  },
  {
   "name": "plugins/action/cli_backup.py",
   "ftype": "file",
   "chksum_type": "sha256",
   "chksum_sha256": "50af044056f3bd7e53e235da97d782556b65322c32dc38354212b8f83d08774b",
   "format": 1
  },
  {
   "name": "plugins/action/cli_command.py",
   "ftype": "file",
   "chksum_type": "sha256",
   "chksum_sha256": "6a944d8f77789b2d0dad27adbb438be747141fa4e415ee32784b934b3bf35eec",
   "format": 1
  },
  {
   "name": ".ansible-lint",
   "ftype": "file",
   "chksum_type": "sha256",
   "chksum_sha256": "590df540e028a9de6be6a175b6600f7fbdf335e78a173419856a2c5211a20bed",
   "format": 1
  },
  {
   "name": "test-requirements.txt",
   "ftype": "file",
   "chksum_type": "sha256",
   "chksum_sha256": "e5a5e3886dd43195a46cf2414e0f7fa876815f5220a7c2ade3d1ff35186d5927",
   "format": 1
  },
  {
   "name": "tests",
   "ftype": "dir",
   "chksum_type": null,
   "chksum_sha256": null,
   "format": 1
  },
  {
   "name": "tests/sanity",
   "ftype": "dir",
   "chksum_type": null,
   "chksum_sha256": null,
   "format": 1
  },
  {
   "name": "tests/sanity/ignore-2.14.txt",
   "ftype": "file",
   "chksum_type": "sha256",
   "chksum_sha256": "7a76e6b5a6a1b75c786e571fe854f37b69f1bf44883efae7b9efa0578ca98183",
   "format": 1
  },
  {
   "name": "tests/sanity/ignore-2.17.txt",
   "ftype": "file",
   "chksum_type": "sha256",
   "chksum_sha256": "7a76e6b5a6a1b75c786e571fe854f37b69f1bf44883efae7b9efa0578ca98183",
   "format": 1
  },
  {
   "name": "tests/sanity/ignore-2.16.txt",
   "ftype": "file",
   "chksum_type": "sha256",
   "chksum_sha256": "7a76e6b5a6a1b75c786e571fe854f37b69f1bf44883efae7b9efa0578ca98183",
   "format": 1
  },
  {
   "name": "tests/sanity/ignore-2.15.txt",
   "ftype": "file",
   "chksum_type": "sha256",
   "chksum_sha256": "7a76e6b5a6a1b75c786e571fe854f37b69f1bf44883efae7b9efa0578ca98183",
   "format": 1
  },
  {
   "name": "tests/config.yml",
   "ftype": "file",
   "chksum_type": "sha256",
   "chksum_sha256": "4129945061440c8d8c281590b8054b194f5958833c722aa40e878b09038c380e",
   "format": 1
  },
  {
   "name": "tests/unit",
   "ftype": "dir",
   "chksum_type": null,
   "chksum_sha256": null,
   "format": 1
  },
  {
   "name": "tests/unit/requirements.txt",
   "ftype": "file",
   "chksum_type": "sha256",
   "chksum_sha256": "91401b9f07eb48ca9c342fae731b446a52c24eb6977aff975ee8757b1ffdaa8d",
   "format": 1
  },
  {
   "name": "tests/unit/plugins",
   "ftype": "dir",
   "chksum_type": null,
   "chksum_sha256": null,
   "format": 1
  },
  {
   "name": "tests/unit/plugins/connection",
   "ftype": "dir",
   "chksum_type": null,
   "chksum_sha256": null,
   "format": 1
  },
  {
   "name": "tests/unit/plugins/connection/__init__.py",
   "ftype": "file",
   "chksum_type": "sha256",
   "chksum_sha256": "e3b0c44298fc1c149afbf4c8996fb92427ae41e4649b934ca495991b7852b855",
   "format": 1
  },
  {
   "name": "tests/unit/plugins/connection/test_network_cli.py",
   "ftype": "file",
   "chksum_type": "sha256",
   "chksum_sha256": "7d937945c16d327422b4db319dab8e4b2b87994026acce32b93c6cf056d1728b",
   "format": 1
  },
  {
   "name": "tests/unit/plugins/connection/test_netconf.py",
   "ftype": "file",
   "chksum_type": "sha256",
   "chksum_sha256": "b77cfbdd44838320ba15b5571c0c283a70643fe94d8812465032490e48c95892",
   "format": 1
  },
  {
   "name": "tests/unit/plugins/connection/test_libssh.py",
   "ftype": "file",
   "chksum_type": "sha256",
   "chksum_sha256": "d55a657cfc186face72f66269210671f2351a838239d3066befbeaa0af05af44",
   "format": 1
  },
  {
   "name": "tests/unit/plugins/__init__.py",
   "ftype": "file",
   "chksum_type": "sha256",
   "chksum_sha256": "e3b0c44298fc1c149afbf4c8996fb92427ae41e4649b934ca495991b7852b855",
   "format": 1
  },
  {
   "name": "tests/unit/plugins/cliconf",
   "ftype": "dir",
   "chksum_type": null,
   "chksum_sha256": null,
   "format": 1
  },
  {
   "name": "tests/unit/plugins/cliconf/test_default.py",
   "ftype": "file",
   "chksum_type": "sha256",
   "chksum_sha256": "8fc4158d1269179c0c5eb1055d790f287583cf2b6e451087e2572c3b4c10bde8",
   "format": 1
  },
  {
   "name": "tests/unit/plugins/plugin_utils",
   "ftype": "dir",
   "chksum_type": null,
   "chksum_sha256": null,
   "format": 1
  },
  {
   "name": "tests/unit/plugins/plugin_utils/test_version.py",
   "ftype": "file",
   "chksum_type": "sha256",
   "chksum_sha256": "2bd3627d999c0ee500821e176a323e3094e0f3f1dab4c1891b45ce170f6a0fe0",
   "format": 1
  },
  {
   "name": "tests/unit/plugins/cli_parsers",
   "ftype": "dir",
   "chksum_type": null,
   "chksum_sha256": null,
   "format": 1
  },
  {
   "name": "tests/unit/plugins/cli_parsers/fixtures",
   "ftype": "dir",
   "chksum_type": null,
   "chksum_sha256": null,
   "format": 1
  },
  {
   "name": "tests/unit/plugins/cli_parsers/fixtures/nxos_show_version.cfg",
   "ftype": "file",
   "chksum_type": "sha256",
   "chksum_sha256": "280b9a49752bd9ebddf26798b7df94115c3f3402877d350e60b3236a33fb3f68",
   "format": 1
  },
  {
   "name": "tests/unit/plugins/cli_parsers/fixtures/ios_show_ip_interface_brief.cfg",
   "ftype": "file",
   "chksum_type": "sha256",
   "chksum_sha256": "cf7860ac3fe8175f2a062881ecc52f977f14fdcf92ae1a60df68edda493f645a",
   "format": 1
  },
  {
   "name": "tests/unit/plugins/cli_parsers/test_pyats_parser.py",
   "ftype": "file",
   "chksum_type": "sha256",
   "chksum_sha256": "319bc81ce04b280f024b9fafff902ff9e9436cc729ce61d4b0265a662fa5a4fc",
   "format": 1
  },
  {
   "name": "tests/unit/plugins/filter",
   "ftype": "dir",
   "chksum_type": null,
   "chksum_sha256": null,
   "format": 1
  },
  {
   "name": "tests/unit/plugins/filter/test_vlan_extender.py",
   "ftype": "file",
   "chksum_type": "sha256",
   "chksum_sha256": "a4460c2cb0872fb03d96c07d112bef10875957be1a76c501af931e74a4f2757c",
   "format": 1
  },
  {
   "name": "tests/unit/plugins/filter/test_hash_salt.py",
   "ftype": "file",
   "chksum_type": "sha256",
   "chksum_sha256": "320924be942e229b45d8a5629734971011d7706845cc00f996e09c7fd09523c5",
   "format": 1
  },
  {
   "name": "tests/unit/plugins/filter/__init__.py",
   "ftype": "file",
   "chksum_type": "sha256",
   "chksum_sha256": "e3b0c44298fc1c149afbf4c8996fb92427ae41e4649b934ca495991b7852b855",
   "format": 1
  },
  {
   "name": "tests/unit/plugins/filter/test_vlan_parser.py",
   "ftype": "file",
   "chksum_type": "sha256",
   "chksum_sha256": "f7fa75e676aee2068b18468314a0c6cdcd4cb848565597844f0a822c1a027ea8",
   "format": 1
  },
  {
   "name": "tests/unit/plugins/filter/test_pop_ace.py",
   "ftype": "file",
   "chksum_type": "sha256",
   "chksum_sha256": "fb2503fc6dc28187530d8ce344adca7617d1aa82441239a11c1519a6bf77a657",
   "format": 1
  },
  {
   "name": "tests/unit/plugins/filter/test_type5_pw.py",
   "ftype": "file",
   "chksum_type": "sha256",
   "chksum_sha256": "74ad71f113f4a6e6befa4b954ac8985044331a2ec4075679535b3506aa539f25",
   "format": 1
  },
  {
   "name": "tests/unit/plugins/filter/comp_type5.py",
   "ftype": "file",
   "chksum_type": "sha256",
   "chksum_sha256": "39f4225d65b491a8383fb004300ce486289bc4ed582007c875753f0e1eb6d736",
   "format": 1
  },
  {
   "name": "tests/unit/plugins/filter/fixtures",
   "ftype": "dir",
   "chksum_type": null,
   "chksum_sha256": null,
   "format": 1
  },
  {
   "name": "tests/unit/plugins/filter/fixtures/__init__.py",
   "ftype": "file",
   "chksum_type": "sha256",
   "chksum_sha256": "e3b0c44298fc1c149afbf4c8996fb92427ae41e4649b934ca495991b7852b855",
   "format": 1
  },
  {
   "name": "tests/unit/plugins/filter/fixtures/network",
   "ftype": "dir",
   "chksum_type": null,
   "chksum_sha256": null,
   "format": 1
  },
  {
   "name": "tests/unit/plugins/filter/fixtures/network/show_vlans_xml_spec.yml",
   "ftype": "file",
   "chksum_type": "sha256",
   "chksum_sha256": "155ed3b225b5bb5312d3b4551e6cd46f8c00171b45a1102f95b97b9312d5f647",
   "format": 1
  },
  {
   "name": "tests/unit/plugins/filter/fixtures/network/show_vlans_xml_with_key_spec.yml",
   "ftype": "file",
   "chksum_type": "sha256",
   "chksum_sha256": "62102cf4c0ae9f7e57bca7999c52257bfe6aff62d1e24153e5f4da9efac8dab3",
   "format": 1
  },
  {
   "name": "tests/unit/plugins/filter/fixtures/network/__init__.py",
   "ftype": "file",
   "chksum_type": "sha256",
   "chksum_sha256": "e3b0c44298fc1c149afbf4c8996fb92427ae41e4649b934ca495991b7852b855",
   "format": 1
  },
  {
   "name": "tests/unit/plugins/filter/fixtures/network/show_vlans_xml_output.txt",
   "ftype": "file",
   "chksum_type": "sha256",
   "chksum_sha256": "c7ed33a3859e92f8bd04a8e07f3c782200b68e07aaa0e4ec3321bf8ef13a01dc",
   "format": 1
  },
  {
   "name": "tests/unit/plugins/filter/fixtures/network/show_vlans_xml_single_value_spec.yml",
   "ftype": "file",
   "chksum_type": "sha256",
   "chksum_sha256": "806a7c949715a66e5337e7b9755395d9534a348646412bdc22fc0544587e33bf",
   "format": 1
  },
  {
   "name": "tests/unit/plugins/filter/fixtures/network/show_vlans_xml_with_condition_spec.yml",
   "ftype": "file",
   "chksum_type": "sha256",
   "chksum_sha256": "d6485e4874c8c58d4ce1bd7fc4e055a8de0c169392494971976dfee8a4fb4ded",
   "format": 1
  },
  {
   "name": "tests/unit/plugins/filter/test_network.py",
   "ftype": "file",
   "chksum_type": "sha256",
   "chksum_sha256": "3c7166b4606f40f93e81cc15a4d254cb341a91b3dcd6c4ac4cb06a813cf4efb1",
   "format": 1
  },
  {
   "name": "tests/unit/plugins/action",
   "ftype": "dir",
   "chksum_type": null,
   "chksum_sha256": null,
   "format": 1
  },
  {
   "name": "tests/unit/plugins/action/network",
   "ftype": "dir",
   "chksum_type": null,
   "chksum_sha256": null,
   "format": 1
  },
  {
   "name": "tests/unit/plugins/action/network/test_network.py",
   "ftype": "file",
   "chksum_type": "sha256",
   "chksum_sha256": "10b5f3f2e0327e89bfb9e0563585b2d86037d361ff8f2f87ee54ef3c0d2e5484",
   "format": 1
  },
  {
   "name": "tests/unit/__init__.py",
   "ftype": "file",
   "chksum_type": "sha256",
   "chksum_sha256": "e3b0c44298fc1c149afbf4c8996fb92427ae41e4649b934ca495991b7852b855",
   "format": 1
  },
  {
   "name": "tests/unit/mock",
   "ftype": "dir",
   "chksum_type": null,
   "chksum_sha256": null,
   "format": 1
  },
  {
   "name": "tests/unit/mock/vault_helper.py",
   "ftype": "file",
   "chksum_type": "sha256",
   "chksum_sha256": "3bf7834d18bd34473d0f4b898253177229a131f14364874efba584ff985e4a41",
   "format": 1
  },
  {
   "name": "tests/unit/mock/__init__.py",
   "ftype": "file",
   "chksum_type": "sha256",
   "chksum_sha256": "e3b0c44298fc1c149afbf4c8996fb92427ae41e4649b934ca495991b7852b855",
   "format": 1
  },
  {
   "name": "tests/unit/mock/procenv.py",
   "ftype": "file",
   "chksum_type": "sha256",
   "chksum_sha256": "fae8515e6eb44dd87ca9a7b88eb572058b48f0b05d8be0483aab3960d6841a9b",
   "format": 1
  },
  {
   "name": "tests/unit/mock/loader.py",
   "ftype": "file",
   "chksum_type": "sha256",
   "chksum_sha256": "62b34770bc51c9af0cee87370b448c8c8afb033ce2e704d6d2288743db916714",
   "format": 1
  },
  {
   "name": "tests/unit/mock/yaml_helper.py",
   "ftype": "file",
   "chksum_type": "sha256",
   "chksum_sha256": "5a7b891104628e0883dca322c59f5e933144b8682330853b6d49c20e80b72a89",
   "format": 1
  },
  {
   "name": "tests/unit/mock/path.py",
   "ftype": "file",
   "chksum_type": "sha256",
   "chksum_sha256": "5561a16a302e55ea79227591afefc3a93f33001fc80155dd29b068b90502a446",
   "format": 1
  },
  {
   "name": "tests/unit/modules",
   "ftype": "dir",
   "chksum_type": null,
   "chksum_sha256": null,
   "format": 1
  },
  {
   "name": "tests/unit/modules/__init__.py",
   "ftype": "file",
   "chksum_type": "sha256",
   "chksum_sha256": "e3b0c44298fc1c149afbf4c8996fb92427ae41e4649b934ca495991b7852b855",
   "format": 1
  },
  {
   "name": "tests/unit/modules/utils.py",
   "ftype": "file",
   "chksum_type": "sha256",
   "chksum_sha256": "097a12749e93b776d949ef7ea3d53ea484e3b309d2f199abbdb9c622c05d6578",
   "format": 1
  },
  {
   "name": "tests/unit/modules/network",
   "ftype": "dir",
   "chksum_type": null,
   "chksum_sha256": null,
   "format": 1
  },
  {
   "name": "tests/unit/modules/network/cli",
   "ftype": "dir",
   "chksum_type": null,
   "chksum_sha256": null,
   "format": 1
  },
  {
   "name": "tests/unit/modules/network/cli/test_cli_config.py",
   "ftype": "file",
   "chksum_type": "sha256",
   "chksum_sha256": "e1fe40d6fb4ecef4a8b1af542c0254c5f37c80cfce65ea9f8404c72fd229c7de",
   "format": 1
  },
  {
   "name": "tests/unit/modules/network/cli/__init__.py",
   "ftype": "file",
   "chksum_type": "sha256",
   "chksum_sha256": "e3b0c44298fc1c149afbf4c8996fb92427ae41e4649b934ca495991b7852b855",
   "format": 1
  },
  {
   "name": "tests/unit/modules/network/cli/cli_module.py",
   "ftype": "file",
   "chksum_type": "sha256",
   "chksum_sha256": "71adedc22e395cc0d3028043739c5a5b55cf9116e5b9661a14b6011849492921",
   "format": 1
  },
  {
   "name": "tests/unit/modules/network/__init__.py",
   "ftype": "file",
   "chksum_type": "sha256",
   "chksum_sha256": "e3b0c44298fc1c149afbf4c8996fb92427ae41e4649b934ca495991b7852b855",
   "format": 1
  },
  {
   "name": "tests/unit/module_utils",
   "ftype": "dir",
   "chksum_type": null,
   "chksum_sha256": null,
   "format": 1
  },
  {
   "name": "tests/unit/module_utils/__init__.py",
   "ftype": "file",
   "chksum_type": "sha256",
   "chksum_sha256": "e3b0c44298fc1c149afbf4c8996fb92427ae41e4649b934ca495991b7852b855",
   "format": 1
  },
  {
   "name": "tests/unit/module_utils/network",
   "ftype": "dir",
   "chksum_type": null,
   "chksum_sha256": null,
   "format": 1
  },
  {
   "name": "tests/unit/module_utils/network/common",
   "ftype": "dir",
   "chksum_type": null,
   "chksum_sha256": null,
   "format": 1
  },
  {
   "name": "tests/unit/module_utils/network/common/test_utils.py",
   "ftype": "file",
   "chksum_type": "sha256",
   "chksum_sha256": "d400a77ce4f49dd40d06f13970468e09583f0dda6f8e4166ffea7e25ef2a97e4",
   "format": 1
  },
  {
   "name": "tests/unit/module_utils/network/common/__init__.py",
   "ftype": "file",
   "chksum_type": "sha256",
   "chksum_sha256": "e3b0c44298fc1c149afbf4c8996fb92427ae41e4649b934ca495991b7852b855",
   "format": 1
  },
  {
   "name": "tests/unit/module_utils/network/common/test_parsing.py",
   "ftype": "file",
   "chksum_type": "sha256",
   "chksum_sha256": "f91ddfb8d29088cdbbca4290b4b7f68c8b8d84ebe52e64e430ee1478812bcf74",
   "format": 1
  },
  {
   "name": "tests/unit/module_utils/network/common/test_config.py",
   "ftype": "file",
   "chksum_type": "sha256",
   "chksum_sha256": "47e508ce3db5f9dc98a587eee6a6cd79ad7a1f11bbe64d12ab561fe7a9b557ef",
   "format": 1
  },
  {
   "name": "tests/unit/module_utils/network/__init__.py",
   "ftype": "file",
   "chksum_type": "sha256",
   "chksum_sha256": "e3b0c44298fc1c149afbf4c8996fb92427ae41e4649b934ca495991b7852b855",
   "format": 1
  },
  {
   "name": "tests/integration",
   "ftype": "dir",
   "chksum_type": null,
   "chksum_sha256": null,
   "format": 1
  },
  {
   "name": "tests/integration/targets",
   "ftype": "dir",
   "chksum_type": null,
   "chksum_sha256": null,
   "format": 1
  },
  {
   "name": "tests/integration/targets/cli_parse",
   "ftype": "dir",
   "chksum_type": null,
   "chksum_sha256": null,
   "format": 1
  },
  {
   "name": "tests/integration/targets/cli_parse/tasks",
   "ftype": "dir",
   "chksum_type": null,
   "chksum_sha256": null,
   "format": 1
  },
  {
   "name": "tests/integration/targets/cli_parse/tasks/nxos_native.yaml",
   "ftype": "file",
   "chksum_type": "sha256",
   "chksum_sha256": "7336cd006b8234f06e4602c67e629073a9ac02433fcbb8419c23d6afc453e6c4",
   "format": 1
  },
  {
   "name": "tests/integration/targets/cli_parse/tasks/main.yaml",
   "ftype": "file",
   "chksum_type": "sha256",
   "chksum_sha256": "7986761fa4f1fa1fe2eace0ed13a4842d34aae39547b1856ffae5af399e6f8d3",
   "format": 1
  },
  {
   "name": "tests/integration/targets/cli_parse/tasks/nxos_pyats.yaml",
   "ftype": "file",
   "chksum_type": "sha256",
   "chksum_sha256": "6d3dbab19620dc96a3c99e11f7c6284f6e40c5e8899ff2c01ab06682678e5bac",
   "format": 1
  },
  {
   "name": "tests/integration/targets/cli_parse/tasks/nxos_ntc_templates.yaml",
   "ftype": "file",
   "chksum_type": "sha256",
   "chksum_sha256": "c047b023876182c495f77393433c100ffa36efa44e4d341e1321c1225ac56879",
   "format": 1
  },
  {
   "name": "tests/integration/targets/cli_parse/tasks/fedora_native.yaml",
   "ftype": "file",
   "chksum_type": "sha256",
   "chksum_sha256": "095d4826ffe18c592c5bd1a346a8d82c4fa555b20c3b28ca4da49193dac53e19",
   "format": 1
  },
  {
   "name": "tests/integration/targets/cli_parse/tasks/centos_native.yaml",
   "ftype": "file",
   "chksum_type": "sha256",
   "chksum_sha256": "e19f86cbdac31e9bbfaa474777fd34746b0116e54beedf0e354c058649f279b7",
   "format": 1
  },
  {
   "name": "tests/integration/targets/cli_parse/templates",
   "ftype": "dir",
   "chksum_type": null,
   "chksum_sha256": null,
   "format": 1
  },
  {
   "name": "tests/integration/targets/cli_parse/templates/centos_touch_test_output.yaml",
   "ftype": "file",
   "chksum_type": "sha256",
   "chksum_sha256": "f52d711103d50a437830c6fbcd04fb4bab49a0f82f6d26d1c791c6e8488dd090",
   "format": 1
  },
  {
   "name": "tests/integration/targets/cli_parse/templates/fedora_ps_-ef.yaml",
   "ftype": "file",
   "chksum_type": "sha256",
   "chksum_sha256": "839e6e4d259258b34851d64fd27a692c54c16062c104fb1caef0355c8e6cd258",
   "format": 1
  },
  {
   "name": "tests/integration/targets/cli_parse/templates/centos_ps_-ef.yaml",
   "ftype": "file",
   "chksum_type": "sha256",
   "chksum_sha256": "839e6e4d259258b34851d64fd27a692c54c16062c104fb1caef0355c8e6cd258",
   "format": 1
  },
  {
   "name": "tests/integration/targets/cli_parse/templates/fedora_iptables_--list.yaml",
   "ftype": "file",
   "chksum_type": "sha256",
   "chksum_sha256": "41f749e88e4d6a959350d34a9e887112d76e3f14a5bc15f2ce0485c2b17c7410",
   "format": 1
  },
  {
   "name": "tests/integration/targets/cli_parse/templates/nxos_show_interface.ttp",
   "ftype": "file",
   "chksum_type": "sha256",
   "chksum_sha256": "7b54c727fb9ab5731dbef7b5c271a41276278b15b7408bd24e25eda28e5c1a09",
   "format": 1
  },
  {
   "name": "tests/integration/targets/cli_parse/templates/nxos_show_version.textfsm",
   "ftype": "file",
   "chksum_type": "sha256",
   "chksum_sha256": "dfd59adde11de6285a62179e45db7b4e20e9ca61f276f6567c86c8455f796887",
   "format": 1
  },
  {
   "name": "tests/integration/targets/cli_parse/templates/nxos_show_interface.yaml",
   "ftype": "file",
   "chksum_type": "sha256",
   "chksum_sha256": "bcebc3ef1d3e94fd156e655704999ee16837a1c95b90c6d8bbd567e47e4ce272",
   "format": 1
  },
  {
   "name": "tests/integration/targets/netconf_config",
   "ftype": "dir",
   "chksum_type": null,
   "chksum_sha256": null,
   "format": 1
  },
  {
   "name": "tests/integration/targets/netconf_config/tasks",
   "ftype": "dir",
   "chksum_type": null,
   "chksum_sha256": null,
   "format": 1
  },
  {
   "name": "tests/integration/targets/netconf_config/tasks/main.yaml",
   "ftype": "file",
   "chksum_type": "sha256",
   "chksum_sha256": "a0c882d71c283e7a2bbcf07fe588b5c6fa2e4c7a7953de637a0ad6e7bfa9333c",
   "format": 1
  },
  {
   "name": "tests/integration/targets/netconf_config/tasks/iosxr.yaml",
   "ftype": "file",
   "chksum_type": "sha256",
   "chksum_sha256": "0caec58b8f1303315ebec8315c9a982e7d42b520de10f8fe2a897e325775e466",
   "format": 1
  },
  {
   "name": "tests/integration/targets/netconf_config/tasks/nxos.yaml",
   "ftype": "file",
   "chksum_type": "sha256",
   "chksum_sha256": "fabed4f0fdf2b4f0d12c542e0a99da9c4ce894c4607d1d1dc38b37103d20e767",
   "format": 1
  },
  {
   "name": "tests/integration/targets/netconf_config/tasks/junos.yaml",
   "ftype": "file",
   "chksum_type": "sha256",
   "chksum_sha256": "3145cb145338f26f1f684809c05ca97cb2fc8b88a36a27ae8afba636af7c845d",
   "format": 1
  },
  {
   "name": "tests/integration/targets/netconf_config/meta",
   "ftype": "dir",
   "chksum_type": null,
   "chksum_sha256": null,
   "format": 1
  },
  {
   "name": "tests/integration/targets/netconf_config/meta/main.yml",
   "ftype": "file",
   "chksum_type": "sha256",
   "chksum_sha256": "9c4272cfbe5d7763f5d851cfa97e4bb480feb11df45c34a21616776c14c3f9ee",
   "format": 1
  },
  {
   "name": "tests/integration/targets/netconf_config/defaults",
   "ftype": "dir",
   "chksum_type": null,
   "chksum_sha256": null,
   "format": 1
  },
  {
   "name": "tests/integration/targets/netconf_config/defaults/main.yaml",
   "ftype": "file",
   "chksum_type": "sha256",
   "chksum_sha256": "b6cec8117492a3110c2e9066aa77a54abd2b9774cea08d60eb42b01c51c3e032",
   "format": 1
  },
  {
   "name": "tests/integration/targets/netconf_config/tests",
   "ftype": "dir",
   "chksum_type": null,
   "chksum_sha256": null,
   "format": 1
  },
  {
   "name": "tests/integration/targets/netconf_config/tests/junos",
   "ftype": "dir",
   "chksum_type": null,
   "chksum_sha256": null,
   "format": 1
  },
  {
   "name": "tests/integration/targets/netconf_config/tests/junos/basic.yaml",
   "ftype": "file",
   "chksum_type": "sha256",
   "chksum_sha256": "1ea03d6c833790e420cba36674bd809bdf7155fdd3f8854507f7ec9f73d64fe4",
   "format": 1
  },
  {
   "name": "tests/integration/targets/netconf_config/tests/junos/fixtures",
   "ftype": "dir",
   "chksum_type": null,
   "chksum_sha256": null,
   "format": 1
  },
  {
   "name": "tests/integration/targets/netconf_config/tests/junos/fixtures/config.yml",
   "ftype": "file",
   "chksum_type": "sha256",
   "chksum_sha256": "582b6608893619dc4e1dc1293a06f3828808b2ee7fd0675e13dad5e43e3e5d54",
   "format": 1
  },
  {
   "name": "tests/integration/targets/netconf_config/tests/junos/fixtures/invalid_config.yml",
   "ftype": "file",
   "chksum_type": "sha256",
   "chksum_sha256": "c1cfceeda701f71c8ee2b6ff01b3ec22ffe72d981a5f82e31b278a4554937261",
   "format": 1
  },
  {
   "name": "tests/integration/targets/netconf_config/tests/nxos",
   "ftype": "dir",
   "chksum_type": null,
   "chksum_sha256": null,
   "format": 1
  },
  {
   "name": "tests/integration/targets/netconf_config/tests/nxos/basic.yaml",
   "ftype": "file",
   "chksum_type": "sha256",
   "chksum_sha256": "3d5e05ea2718e82441fba21c106a2c105aba6c7a0549808b8b112fe33de6ebbe",
   "format": 1
  },
  {
   "name": "tests/integration/targets/netconf_config/tests/nxos/fixtures",
   "ftype": "dir",
   "chksum_type": null,
   "chksum_sha256": null,
   "format": 1
  },
  {
   "name": "tests/integration/targets/netconf_config/tests/nxos/fixtures/config.yaml",
   "ftype": "file",
   "chksum_type": "sha256",
   "chksum_sha256": "f9ba47cabeb67066eefc95614931221e4679c2bce0209c8ebc392098eb76ac7f",
   "format": 1
  },
  {
   "name": "tests/integration/targets/netconf_config/tests/iosxr",
   "ftype": "dir",
   "chksum_type": null,
   "chksum_sha256": null,
   "format": 1
  },
  {
   "name": "tests/integration/targets/netconf_config/tests/iosxr/basic.yaml",
   "ftype": "file",
   "chksum_type": "sha256",
   "chksum_sha256": "dfc308fc2743595a553c7fb998a9f46d94f64e6b3477a910e2d54d59438cb53b",
   "format": 1
  },
  {
   "name": "tests/integration/targets/prepare_iosxe_tests",
   "ftype": "dir",
   "chksum_type": null,
   "chksum_sha256": null,
   "format": 1
  },
  {
   "name": "tests/integration/targets/prepare_iosxe_tests/tasks",
   "ftype": "dir",
   "chksum_type": null,
   "chksum_sha256": null,
   "format": 1
  },
  {
   "name": "tests/integration/targets/prepare_iosxe_tests/tasks/main.yml",
   "ftype": "file",
   "chksum_type": "sha256",
   "chksum_sha256": "73ff1b38335fe80af4ef727cc8c1bc35bb4b370ee38f1fb794971f42c6413138",
   "format": 1
  },
  {
   "name": "tests/integration/targets/grpc_get",
   "ftype": "dir",
   "chksum_type": null,
   "chksum_sha256": null,
   "format": 1
  },
  {
   "name": "tests/integration/targets/grpc_get/tasks",
   "ftype": "dir",
   "chksum_type": null,
   "chksum_sha256": null,
   "format": 1
  },
  {
   "name": "tests/integration/targets/grpc_get/tasks/main.yaml",
   "ftype": "file",
   "chksum_type": "sha256",
   "chksum_sha256": "14aa6f229d2851f12ba6d10cce5e4b985e9ac66bf758ee656f52a6b90c655f2b",
   "format": 1
  },
  {
   "name": "tests/integration/targets/grpc_get/tasks/iosxr.yaml",
   "ftype": "file",
   "chksum_type": "sha256",
   "chksum_sha256": "9e79277116f2ec21962c6fb9c362521a619bc8e4e540571f8f2bb0e306fddc13",
   "format": 1
  },
  {
   "name": "tests/integration/targets/grpc_get/meta",
   "ftype": "dir",
   "chksum_type": null,
   "chksum_sha256": null,
   "format": 1
  },
  {
   "name": "tests/integration/targets/grpc_get/meta/main.yml",
   "ftype": "file",
   "chksum_type": "sha256",
   "chksum_sha256": "d25d95206718d482774753d23b1563530440c6c3c76e2b40afd18ad95595cddd",
   "format": 1
  },
  {
   "name": "tests/integration/targets/grpc_get/defaults",
   "ftype": "dir",
   "chksum_type": null,
   "chksum_sha256": null,
   "format": 1
  },
  {
   "name": "tests/integration/targets/grpc_get/defaults/main.yaml",
   "ftype": "file",
   "chksum_type": "sha256",
   "chksum_sha256": "b6cec8117492a3110c2e9066aa77a54abd2b9774cea08d60eb42b01c51c3e032",
   "format": 1
  },
  {
   "name": "tests/integration/targets/grpc_get/tests",
   "ftype": "dir",
   "chksum_type": null,
   "chksum_sha256": null,
   "format": 1
  },
  {
   "name": "tests/integration/targets/grpc_get/tests/iosxr",
   "ftype": "dir",
   "chksum_type": null,
   "chksum_sha256": null,
   "format": 1
  },
  {
   "name": "tests/integration/targets/grpc_get/tests/iosxr/basic.yaml",
   "ftype": "file",
   "chksum_type": "sha256",
   "chksum_sha256": "b3796d7e1a25ee4aa3fd7850e67da8c8fb8a6c0477d1fb494672ed261ad51c81",
   "format": 1
  },
  {
   "name": "tests/integration/targets/grpc_config",
   "ftype": "dir",
   "chksum_type": null,
   "chksum_sha256": null,
   "format": 1
  },
  {
   "name": "tests/integration/targets/grpc_config/tasks",
   "ftype": "dir",
   "chksum_type": null,
   "chksum_sha256": null,
   "format": 1
  },
  {
   "name": "tests/integration/targets/grpc_config/tasks/main.yaml",
   "ftype": "file",
   "chksum_type": "sha256",
   "chksum_sha256": "8490b1578816963939834794088f0d3b3d9fb394957ce490908d51365610aefe",
   "format": 1
  },
  {
   "name": "tests/integration/targets/grpc_config/tasks/iosxr.yaml",
   "ftype": "file",
   "chksum_type": "sha256",
   "chksum_sha256": "9e79277116f2ec21962c6fb9c362521a619bc8e4e540571f8f2bb0e306fddc13",
   "format": 1
  },
  {
   "name": "tests/integration/targets/grpc_config/tasks/nxos.yaml",
   "ftype": "file",
   "chksum_type": "sha256",
   "chksum_sha256": "f41fe3d56ddcf4242b8fa0decd62a9a129855bdbfdf8815cf01dac831bc94d35",
   "format": 1
  },
  {
   "name": "tests/integration/targets/grpc_config/tasks/junos.yaml",
   "ftype": "file",
   "chksum_type": "sha256",
   "chksum_sha256": "72ed3963ce3362399cc4464329f53c4841519baed0490dda545fa46daeb9c821",
   "format": 1
  },
  {
   "name": "tests/integration/targets/grpc_config/meta",
   "ftype": "dir",
   "chksum_type": null,
   "chksum_sha256": null,
   "format": 1
  },
  {
   "name": "tests/integration/targets/grpc_config/meta/main.yml",
   "ftype": "file",
   "chksum_type": "sha256",
   "chksum_sha256": "d25d95206718d482774753d23b1563530440c6c3c76e2b40afd18ad95595cddd",
   "format": 1
  },
  {
   "name": "tests/integration/targets/grpc_config/defaults",
   "ftype": "dir",
   "chksum_type": null,
   "chksum_sha256": null,
   "format": 1
  },
  {
   "name": "tests/integration/targets/grpc_config/defaults/main.yaml",
   "ftype": "file",
   "chksum_type": "sha256",
   "chksum_sha256": "b6cec8117492a3110c2e9066aa77a54abd2b9774cea08d60eb42b01c51c3e032",
   "format": 1
  },
  {
   "name": "tests/integration/targets/grpc_config/tests",
   "ftype": "dir",
   "chksum_type": null,
   "chksum_sha256": null,
   "format": 1
  },
  {
   "name": "tests/integration/targets/grpc_config/tests/iosxr",
   "ftype": "dir",
   "chksum_type": null,
   "chksum_sha256": null,
   "format": 1
  },
  {
   "name": "tests/integration/targets/grpc_config/tests/iosxr/basic.yaml",
   "ftype": "file",
   "chksum_type": "sha256",
   "chksum_sha256": "3bfddd10067d86820889a3a997bc723ccb39276da62da91b4c6fb4b98e7fcf99",
   "format": 1
  },
  {
   "name": "tests/integration/targets/grpc_config/tests/iosxr/fixtures",
   "ftype": "dir",
   "chksum_type": null,
   "chksum_sha256": null,
   "format": 1
  },
  {
   "name": "tests/integration/targets/grpc_config/tests/iosxr/fixtures/bgp_start.yml",
   "ftype": "file",
   "chksum_type": "sha256",
   "chksum_sha256": "688fa378b5dbe6c30e1063e4466ff407d07d60cf7c5f9c55e3d501d3b2d16751",
   "format": 1
  },
  {
   "name": "tests/integration/targets/grpc_config/tests/iosxr/fixtures/bgp_delete.yml",
   "ftype": "file",
   "chksum_type": "sha256",
   "chksum_sha256": "e3ba3ba7b0dab60faee2bd21b4ce7401cf416901ec983ffa28a3956f4575a050",
   "format": 1
  },
  {
   "name": "tests/integration/targets/grpc_config/vars",
   "ftype": "dir",
   "chksum_type": null,
   "chksum_sha256": null,
   "format": 1
  },
  {
   "name": "tests/integration/targets/grpc_config/vars/main.yaml",
   "ftype": "file",
   "chksum_type": "sha256",
   "chksum_sha256": "a50f43b84486b9cff7f927e79c55df0b65ebd7e8caa47259cf997d14bbbca600",
   "format": 1
  },
  {
   "name": "tests/integration/targets/prepare_nxos_tests",
   "ftype": "dir",
   "chksum_type": null,
   "chksum_sha256": null,
   "format": 1
  },
  {
   "name": "tests/integration/targets/prepare_nxos_tests/tasks",
   "ftype": "dir",
   "chksum_type": null,
   "chksum_sha256": null,
   "format": 1
  },
  {
   "name": "tests/integration/targets/prepare_nxos_tests/tasks/main.yaml",
   "ftype": "file",
   "chksum_type": "sha256",
   "chksum_sha256": "78bfd2a4e9e3170c5e4ebed70554b46d36a304358c68f34fba0c12fdecd78908",
   "format": 1
  },
  {
   "name": "tests/integration/targets/prepare_sros_tests",
   "ftype": "dir",
   "chksum_type": null,
   "chksum_sha256": null,
   "format": 1
  },
  {
   "name": "tests/integration/targets/prepare_sros_tests/tasks",
   "ftype": "dir",
   "chksum_type": null,
   "chksum_sha256": null,
   "format": 1
  },
  {
   "name": "tests/integration/targets/prepare_sros_tests/tasks/main.yml",
   "ftype": "file",
   "chksum_type": "sha256",
   "chksum_sha256": "74c2b8389f53e1e1ec47b03d9f22d443fcacc0c641f2d4146edbd20449bfbaaa",
   "format": 1
  },
  {
   "name": "tests/integration/targets/netconf_rpc",
   "ftype": "dir",
   "chksum_type": null,
   "chksum_sha256": null,
   "format": 1
  },
  {
   "name": "tests/integration/targets/netconf_rpc/tasks",
   "ftype": "dir",
   "chksum_type": null,
   "chksum_sha256": null,
   "format": 1
  },
  {
   "name": "tests/integration/targets/netconf_rpc/tasks/main.yaml",
   "ftype": "file",
   "chksum_type": "sha256",
   "chksum_sha256": "4365fa9da3f9e124dee50e8ebe4f78e9f3383cd459cb72a389b202548ad9d13f",
   "format": 1
  },
  {
   "name": "tests/integration/targets/netconf_rpc/tasks/sros.yaml",
   "ftype": "file",
   "chksum_type": "sha256",
   "chksum_sha256": "1218ad2b1b5b61e8713fc05cfee850bfdd370d6bc9742072b90331098f9375fe",
   "format": 1
  },
  {
   "name": "tests/integration/targets/netconf_rpc/tasks/iosxr.yaml",
   "ftype": "file",
   "chksum_type": "sha256",
   "chksum_sha256": "0caec58b8f1303315ebec8315c9a982e7d42b520de10f8fe2a897e325775e466",
   "format": 1
  },
  {
   "name": "tests/integration/targets/netconf_rpc/tasks/junos.yaml",
   "ftype": "file",
   "chksum_type": "sha256",
   "chksum_sha256": "3145cb145338f26f1f684809c05ca97cb2fc8b88a36a27ae8afba636af7c845d",
   "format": 1
  },
  {
   "name": "tests/integration/targets/netconf_rpc/meta",
   "ftype": "dir",
   "chksum_type": null,
   "chksum_sha256": null,
   "format": 1
  },
  {
   "name": "tests/integration/targets/netconf_rpc/meta/main.yml",
   "ftype": "file",
   "chksum_type": "sha256",
   "chksum_sha256": "46e396f49311101eff0f58b4da2d90d75b0c228cbf950bcb899cf063bec95178",
   "format": 1
  },
  {
   "name": "tests/integration/targets/netconf_rpc/defaults",
   "ftype": "dir",
   "chksum_type": null,
   "chksum_sha256": null,
   "format": 1
  },
  {
   "name": "tests/integration/targets/netconf_rpc/defaults/main.yaml",
   "ftype": "file",
   "chksum_type": "sha256",
   "chksum_sha256": "b6cec8117492a3110c2e9066aa77a54abd2b9774cea08d60eb42b01c51c3e032",
   "format": 1
  },
  {
   "name": "tests/integration/targets/netconf_rpc/tests",
   "ftype": "dir",
   "chksum_type": null,
   "chksum_sha256": null,
   "format": 1
  },
  {
   "name": "tests/integration/targets/netconf_rpc/tests/junos",
   "ftype": "dir",
   "chksum_type": null,
   "chksum_sha256": null,
   "format": 1
  },
  {
   "name": "tests/integration/targets/netconf_rpc/tests/junos/basic.yaml",
   "ftype": "file",
   "chksum_type": "sha256",
   "chksum_sha256": "47502bae6b7bf9e00f3d69c55d9dfa3b780978d2116fe27992884b041eafab8e",
   "format": 1
  },
  {
   "name": "tests/integration/targets/netconf_rpc/tests/sros",
   "ftype": "dir",
   "chksum_type": null,
   "chksum_sha256": null,
   "format": 1
  },
  {
   "name": "tests/integration/targets/netconf_rpc/tests/sros/basic.yaml",
   "ftype": "file",
   "chksum_type": "sha256",
   "chksum_sha256": "b6331e1e7c98fd776bb8199cda76eb0c3ab009fe9bf4d3bbfea41aa936393664",
   "format": 1
  },
  {
   "name": "tests/integration/targets/netconf_rpc/tests/iosxr",
   "ftype": "dir",
   "chksum_type": null,
   "chksum_sha256": null,
   "format": 1
  },
  {
   "name": "tests/integration/targets/netconf_rpc/tests/iosxr/basic.yaml",
   "ftype": "file",
   "chksum_type": "sha256",
   "chksum_sha256": "57f49d0b2c38a17997be86a240f7e97850c55345904aac6d03c4a65aab2514a9",
   "format": 1
  },
  {
   "name": "tests/integration/targets/prepare_iosxr_tests",
   "ftype": "dir",
   "chksum_type": null,
   "chksum_sha256": null,
   "format": 1
  },
  {
   "name": "tests/integration/targets/prepare_iosxr_tests/tasks",
   "ftype": "dir",
   "chksum_type": null,
   "chksum_sha256": null,
   "format": 1
  },
  {
   "name": "tests/integration/targets/prepare_iosxr_tests/tasks/main.yml",
   "ftype": "file",
   "chksum_type": "sha256",
   "chksum_sha256": "09715b279e8c38a57245d73b87891e03bbb2a04d8d83f6d041b0a772109ee12c",
   "format": 1
  },
  {
   "name": "tests/integration/targets/prepare_iosxr_tests/templates",
   "ftype": "dir",
   "chksum_type": null,
   "chksum_sha256": null,
   "format": 1
  },
  {
   "name": "tests/integration/targets/prepare_iosxr_tests/templates/config_grpc.j2",
   "ftype": "file",
   "chksum_type": "sha256",
   "chksum_sha256": "4ab4bbfb41335abe51b4f0d03087c1df2ccb9bac7d0097685a28659113d1b9fd",
   "format": 1
  },
  {
   "name": "tests/integration/targets/prepare_iosxr_tests/templates/config.j2",
   "ftype": "file",
   "chksum_type": "sha256",
   "chksum_sha256": "a21d7b66f513ecb424fd6e23df9f0737c855281f3a5d0be6c856a0d2ce7af23b",
   "format": 1
  },
  {
   "name": "tests/integration/targets/restconf_get",
   "ftype": "dir",
   "chksum_type": null,
   "chksum_sha256": null,
   "format": 1
  },
  {
   "name": "tests/integration/targets/restconf_get/tasks",
   "ftype": "dir",
   "chksum_type": null,
   "chksum_sha256": null,
   "format": 1
  },
  {
   "name": "tests/integration/targets/restconf_get/tasks/restconf.yaml",
   "ftype": "file",
   "chksum_type": "sha256",
   "chksum_sha256": "8bfa6b3c0f514038aa61b510030d8399c36b0b4f4274474c9fe02f06eb0ab6f1",
   "format": 1
  },
  {
   "name": "tests/integration/targets/restconf_get/tasks/main.yaml",
   "ftype": "file",
   "chksum_type": "sha256",
   "chksum_sha256": "344d9c0ea63d8d064ef8a6c738551c1f1b48e68e26e5ccb64add0de511dc58c1",
   "format": 1
  },
  {
   "name": "tests/integration/targets/restconf_get/meta",
   "ftype": "dir",
   "chksum_type": null,
   "chksum_sha256": null,
   "format": 1
  },
  {
   "name": "tests/integration/targets/restconf_get/meta/main.yml",
   "ftype": "file",
   "chksum_type": "sha256",
   "chksum_sha256": "f217b1000606ebe64f449135a62b62813f672461ce258e4168b48ef56fdf7b55",
   "format": 1
  },
  {
   "name": "tests/integration/targets/restconf_get/defaults",
   "ftype": "dir",
   "chksum_type": null,
   "chksum_sha256": null,
   "format": 1
  },
  {
   "name": "tests/integration/targets/restconf_get/defaults/main.yaml",
   "ftype": "file",
   "chksum_type": "sha256",
   "chksum_sha256": "b6cec8117492a3110c2e9066aa77a54abd2b9774cea08d60eb42b01c51c3e032",
   "format": 1
  },
  {
   "name": "tests/integration/targets/restconf_get/tests",
   "ftype": "dir",
   "chksum_type": null,
   "chksum_sha256": null,
   "format": 1
  },
  {
   "name": "tests/integration/targets/restconf_get/tests/iosxe",
   "ftype": "dir",
   "chksum_type": null,
   "chksum_sha256": null,
   "format": 1
  },
  {
   "name": "tests/integration/targets/restconf_get/tests/iosxe/basic.yaml",
   "ftype": "file",
   "chksum_type": "sha256",
   "chksum_sha256": "24c621004d39e45adac857d00e2ea4f985439b277342a1c1ea888cbcef5d930e",
   "format": 1
  },
  {
   "name": "tests/integration/targets/prepare_junos_tests",
   "ftype": "dir",
   "chksum_type": null,
   "chksum_sha256": null,
   "format": 1
  },
  {
   "name": "tests/integration/targets/prepare_junos_tests/tasks",
   "ftype": "dir",
   "chksum_type": null,
   "chksum_sha256": null,
   "format": 1
  },
  {
   "name": "tests/integration/targets/prepare_junos_tests/tasks/main.yml",
   "ftype": "file",
   "chksum_type": "sha256",
   "chksum_sha256": "47056e43d318d03a0bdf1521b3cc82ea6b108ce752ae6ff889b0d309c1366bed",
   "format": 1
  },
  {
   "name": "tests/integration/targets/restconf_config",
   "ftype": "dir",
   "chksum_type": null,
   "chksum_sha256": null,
   "format": 1
  },
  {
   "name": "tests/integration/targets/restconf_config/tasks",
   "ftype": "dir",
   "chksum_type": null,
   "chksum_sha256": null,
   "format": 1
  },
  {
   "name": "tests/integration/targets/restconf_config/tasks/restconf.yaml",
   "ftype": "file",
   "chksum_type": "sha256",
   "chksum_sha256": "8bfa6b3c0f514038aa61b510030d8399c36b0b4f4274474c9fe02f06eb0ab6f1",
   "format": 1
  },
  {
   "name": "tests/integration/targets/restconf_config/tasks/main.yaml",
   "ftype": "file",
   "chksum_type": "sha256",
   "chksum_sha256": "83d68cb2489c764efacfccd9c7c3983f7fdb9727a74e216c12e445299ae5b915",
   "format": 1
  },
  {
   "name": "tests/integration/targets/restconf_config/meta",
   "ftype": "dir",
   "chksum_type": null,
   "chksum_sha256": null,
   "format": 1
  },
  {
   "name": "tests/integration/targets/restconf_config/meta/main.yml",
   "ftype": "file",
   "chksum_type": "sha256",
   "chksum_sha256": "f217b1000606ebe64f449135a62b62813f672461ce258e4168b48ef56fdf7b55",
   "format": 1
  },
  {
   "name": "tests/integration/targets/restconf_config/defaults",
   "ftype": "dir",
   "chksum_type": null,
   "chksum_sha256": null,
   "format": 1
  },
  {
   "name": "tests/integration/targets/restconf_config/defaults/main.yaml",
   "ftype": "file",
   "chksum_type": "sha256",
   "chksum_sha256": "b6cec8117492a3110c2e9066aa77a54abd2b9774cea08d60eb42b01c51c3e032",
   "format": 1
  },
  {
   "name": "tests/integration/targets/restconf_config/tests",
   "ftype": "dir",
   "chksum_type": null,
   "chksum_sha256": null,
   "format": 1
  },
  {
   "name": "tests/integration/targets/restconf_config/tests/iosxe",
   "ftype": "dir",
   "chksum_type": null,
   "chksum_sha256": null,
   "format": 1
  },
  {
   "name": "tests/integration/targets/restconf_config/tests/iosxe/basic.yaml",
   "ftype": "file",
   "chksum_type": "sha256",
   "chksum_sha256": "ff4b6188157975c3ba7b396443e415b264965d11029b6a7972e6927688458172",
   "format": 1
  },
  {
   "name": "tests/integration/targets/netconf_get",
   "ftype": "dir",
   "chksum_type": null,
   "chksum_sha256": null,
   "format": 1
  },
  {
   "name": "tests/integration/targets/netconf_get/tasks",
   "ftype": "dir",
   "chksum_type": null,
   "chksum_sha256": null,
   "format": 1
  },
  {
   "name": "tests/integration/targets/netconf_get/tasks/main.yaml",
   "ftype": "file",
   "chksum_type": "sha256",
   "chksum_sha256": "fdfc66f2c0b2f48a76a2d363913150396dc08903e0ea323d12407f1737137e32",
   "format": 1
  },
  {
   "name": "tests/integration/targets/netconf_get/tasks/sros.yaml",
   "ftype": "file",
   "chksum_type": "sha256",
   "chksum_sha256": "1218ad2b1b5b61e8713fc05cfee850bfdd370d6bc9742072b90331098f9375fe",
   "format": 1
  },
  {
   "name": "tests/integration/targets/netconf_get/tasks/iosxr.yaml",
   "ftype": "file",
   "chksum_type": "sha256",
   "chksum_sha256": "0caec58b8f1303315ebec8315c9a982e7d42b520de10f8fe2a897e325775e466",
   "format": 1
  },
  {
   "name": "tests/integration/targets/netconf_get/tasks/junos.yaml",
   "ftype": "file",
   "chksum_type": "sha256",
   "chksum_sha256": "3145cb145338f26f1f684809c05ca97cb2fc8b88a36a27ae8afba636af7c845d",
   "format": 1
  },
  {
   "name": "tests/integration/targets/netconf_get/meta",
   "ftype": "dir",
   "chksum_type": null,
   "chksum_sha256": null,
   "format": 1
  },
  {
   "name": "tests/integration/targets/netconf_get/meta/main.yml",
   "ftype": "file",
   "chksum_type": "sha256",
   "chksum_sha256": "dd9eb0bcc7ddb59a2e64954bd6c9213d715705b3928aa12e7cd34ee1cebeaca6",
   "format": 1
  },
  {
   "name": "tests/integration/targets/netconf_get/defaults",
   "ftype": "dir",
   "chksum_type": null,
   "chksum_sha256": null,
   "format": 1
  },
  {
   "name": "tests/integration/targets/netconf_get/defaults/main.yaml",
   "ftype": "file",
   "chksum_type": "sha256",
   "chksum_sha256": "b6cec8117492a3110c2e9066aa77a54abd2b9774cea08d60eb42b01c51c3e032",
   "format": 1
  },
  {
   "name": "tests/integration/targets/netconf_get/tests",
   "ftype": "dir",
   "chksum_type": null,
   "chksum_sha256": null,
   "format": 1
  },
  {
   "name": "tests/integration/targets/netconf_get/tests/junos",
   "ftype": "dir",
   "chksum_type": null,
   "chksum_sha256": null,
   "format": 1
  },
  {
   "name": "tests/integration/targets/netconf_get/tests/junos/basic.yaml",
   "ftype": "file",
   "chksum_type": "sha256",
   "chksum_sha256": "bb5c5b379e5e0c8325f82929af0ac53e2b619d4ae86e692cf25d489cac031325",
   "format": 1
  },
  {
   "name": "tests/integration/targets/netconf_get/tests/sros",
   "ftype": "dir",
   "chksum_type": null,
   "chksum_sha256": null,
   "format": 1
  },
  {
   "name": "tests/integration/targets/netconf_get/tests/sros/basic.yaml",
   "ftype": "file",
   "chksum_type": "sha256",
   "chksum_sha256": "d85290ce180158ecbb9a86840c79ed9966d3d7e27591537f75b0715df902ec36",
   "format": 1
  },
  {
   "name": "tests/integration/targets/netconf_get/tests/iosxr",
   "ftype": "dir",
   "chksum_type": null,
   "chksum_sha256": null,
   "format": 1
  },
  {
   "name": "tests/integration/targets/netconf_get/tests/iosxr/basic.yaml",
   "ftype": "file",
   "chksum_type": "sha256",
   "chksum_sha256": "054b9614669e5cb6cf0843782cac5df5dce7ffef6ddb16085663266700c8feb3",
   "format": 1
  },
  {
   "name": "tests/integration/target-prefixes.network",
   "ftype": "file",
   "chksum_type": "sha256",
   "chksum_sha256": "f44e56f8603c9ed8dbb4997dfadab9103c04098cb355329e2f3dee14254c7f85",
   "format": 1
  },
  {
   "name": "tests/.gitignore",
   "ftype": "file",
   "chksum_type": "sha256",
   "chksum_sha256": "b5726d3ec9335a09c124469eca039523847a6b0f08a083efaefd002b83326600",
   "format": 1
  },
  {
   "name": "docs",
   "ftype": "dir",
   "chksum_type": null,
   "chksum_sha256": null,
   "format": 1
  },
  {
   "name": "docs/ansible.netcommon.net_get_module.rst",
   "ftype": "file",
   "chksum_type": "sha256",
   "chksum_sha256": "53a379e03e2889b6cfa119cf9f9d8c8d9dfacad3fad45596c5f90ab6ce2a34af",
   "format": 1
  },
  {
   "name": "docs/ansible.netcommon.parse_cli_textfsm_filter.rst",
   "ftype": "file",
   "chksum_type": "sha256",
   "chksum_sha256": "50e01691d07212104fc070f63b70f43f55d55a9fe801a6249a73706661d565ae",
   "format": 1
  },
  {
   "name": "docs/ansible.netcommon.parse_xml_filter.rst",
   "ftype": "file",
   "chksum_type": "sha256",
   "chksum_sha256": "c4178550ef1b870e7f941866aeb44743775076ed6adec2479c3d301228c054a3",
   "format": 1
  },
  {
   "name": "docs/ansible.netcommon.pop_ace_filter.rst",
   "ftype": "file",
   "chksum_type": "sha256",
   "chksum_sha256": "a21318e04f271de018ab19b084078ef0ce9292396f839f4d1f10d9d96d245aad",
   "format": 1
  },
  {
   "name": "docs/ansible.netcommon.netconf_get_module.rst",
   "ftype": "file",
   "chksum_type": "sha256",
   "chksum_sha256": "3eb34b2cbf47fa8a03e76979673865d1b351604394a03e2232a234d0961405db",
   "format": 1
  },
  {
   "name": "docs/ansible.netcommon.httpapi_connection.rst",
   "ftype": "file",
   "chksum_type": "sha256",
   "chksum_sha256": "11062a9bf605eb1581dd095eb0d06cc5eb9c769ab2ba2d91d9a66c013a350832",
   "format": 1
  },
  {
   "name": "docs/ansible.netcommon.telnet_module.rst",
   "ftype": "file",
   "chksum_type": "sha256",
   "chksum_sha256": "e75f5a0914a102ce7fdc0ffb83933a5afad1228f04c72b4855da9154f5403cf7",
   "format": 1
  },
  {
   "name": "docs/ansible.netcommon.default_netconf.rst",
   "ftype": "file",
   "chksum_type": "sha256",
   "chksum_sha256": "60610f9b4e18905f854afbdd8a6cd0549acf58c99fb212b46d8de1d9e46e6ff6",
   "format": 1
  },
  {
   "name": "docs/ansible.netcommon.libssh_connection.rst",
   "ftype": "file",
   "chksum_type": "sha256",
   "chksum_sha256": "517ece9818759f8b39a9d71635837ec4058cdd998d99636bb184b8c100badb4d",
   "format": 1
  },
  {
   "name": "docs/ansible.netcommon.vlan_expander_filter.rst",
   "ftype": "file",
   "chksum_type": "sha256",
   "chksum_sha256": "11c2031e24c740975c682ba42257ee4f732b0d6931e31ed872021a1ae87e5ee9",
   "format": 1
  },
  {
   "name": "docs/ansible.netcommon.grpc_connection.rst",
   "ftype": "file",
   "chksum_type": "sha256",
   "chksum_sha256": "214da8572bccb96126741d4545eec467cf502d75810f6b0d957814c8b4cebb60",
   "format": 1
  },
  {
   "name": "docs/ansible.netcommon.parse_cli_filter.rst",
   "ftype": "file",
   "chksum_type": "sha256",
   "chksum_sha256": "610e9bcdfb8c71b09d5a319a9850454c75ecb58c11735a0c8cfc589b2a2ce148",
   "format": 1
  },
  {
   "name": "docs/ansible.netcommon.type5_pw_filter.rst",
   "ftype": "file",
   "chksum_type": "sha256",
   "chksum_sha256": "da8e21777db0a599d5ecbb7aa4d9f5840b808062973d134c11905e43b89427db",
   "format": 1
  },
  {
   "name": "docs/ansible.netcommon.comp_type5_filter.rst",
   "ftype": "file",
   "chksum_type": "sha256",
   "chksum_sha256": "6ce772bc89d40db72dfb2a875e2403133a45465852852a8341c99acd8392123a",
   "format": 1
  },
  {
   "name": "docs/ansible.netcommon.grpc_get_module.rst",
   "ftype": "file",
   "chksum_type": "sha256",
   "chksum_sha256": "03f346c20e371825edbc33ea56d62b792f7b5ae62f1c901487e779f8256616f9",
   "format": 1
  },
  {
   "name": "docs/ansible.netcommon.vlan_parser_filter.rst",
   "ftype": "file",
   "chksum_type": "sha256",
   "chksum_sha256": "227c999acc24c259a7eda976e8fc100a8655a7bfacb92a419324c2d843791bcf",
   "format": 1
  },
  {
   "name": "docs/ansible.netcommon.netconf_config_module.rst",
   "ftype": "file",
   "chksum_type": "sha256",
   "chksum_sha256": "988384818ac3f45f51ec7e97ee6fb19614665b293c90c45426286d250badebac",
   "format": 1
  },
  {
   "name": "docs/ansible.netcommon.restconf_httpapi.rst",
   "ftype": "file",
   "chksum_type": "sha256",
   "chksum_sha256": "9dfac86340b98f8cefbb7046415e72d1a6dd3b33ec40b3111888a01e6650ec43",
   "format": 1
  },
  {
   "name": "docs/ansible.netcommon.network_cli_connection.rst",
   "ftype": "file",
   "chksum_type": "sha256",
   "chksum_sha256": "66ad2e69273c1f31b8a0705b44b3d3bf1a397641c38e00866514463e7814277d",
   "format": 1
  },
  {
   "name": "docs/ansible.netcommon.net_ping_module.rst",
   "ftype": "file",
   "chksum_type": "sha256",
   "chksum_sha256": "ac33d21c4f133625feb63e1edc99621fa9a37db0b5dae6728dbc54911fee12cf",
   "format": 1
  },
  {
   "name": "docs/ansible.netcommon.restconf_get_module.rst",
   "ftype": "file",
   "chksum_type": "sha256",
   "chksum_sha256": "6ec64e2c0ec91b10bc1df3cdb3ce58076615f7f258b3ffc1032e8efe9237fd7a",
   "format": 1
  },
  {
   "name": "docs/ansible.netcommon.default_cliconf.rst",
   "ftype": "file",
   "chksum_type": "sha256",
   "chksum_sha256": "b5602111676d608c1af8e72bd589572838fba44ec2cf3104ef19f9546dc57993",
   "format": 1
  },
  {
   "name": "docs/ansible.netcommon.persistent_connection.rst",
   "ftype": "file",
   "chksum_type": "sha256",
   "chksum_sha256": "8cc16cbadad74f2ff57c9da4af2326fcbc313ebb5e999850179e7096c999a38e",
   "format": 1
  },
  {
   "name": "docs/ansible.netcommon.enable_become.rst",
   "ftype": "file",
   "chksum_type": "sha256",
   "chksum_sha256": "b56103797876c3da488319d7ce0f9e9bc0386c05989f3e7b0af949692a6054bc",
   "format": 1
  },
  {
   "name": "docs/ansible.netcommon.cli_config_module.rst",
   "ftype": "file",
   "chksum_type": "sha256",
   "chksum_sha256": "3e8bffadf1b8626eff08ba9643a1699aa3cb555665b0b86858b0845b153050dd",
   "format": 1
  },
  {
   "name": "docs/ansible.netcommon.netconf_rpc_module.rst",
   "ftype": "file",
   "chksum_type": "sha256",
   "chksum_sha256": "b8ed5ab30aa2c64bd979e916534335039b3ecacdea98cf0ad031ca63e7d51148",
   "format": 1
  },
  {
   "name": "docs/ansible.netcommon.hash_salt_filter.rst",
   "ftype": "file",
   "chksum_type": "sha256",
   "chksum_sha256": "078b178b001e71ed8a6c01a24a88d2ccbdfcb043e5baf31def2c917b3361b571",
   "format": 1
  },
  {
   "name": "docs/ansible.netcommon.network_resource_module.rst",
   "ftype": "file",
   "chksum_type": "sha256",
   "chksum_sha256": "5a2be201e2815cdbb047d05e98d735e8130fe47f99b9ce9ea3a3c971f78f2824",
   "format": 1
  },
  {
   "name": "docs/ansible.netcommon.netconf_connection.rst",
   "ftype": "file",
   "chksum_type": "sha256",
   "chksum_sha256": "b1f7cf1d9f54e5a2821398cfdc5c731f265c3b653c9546dc99b92fd713c4ddfb",
   "format": 1
  },
  {
   "name": "docs/ansible.netcommon.net_put_module.rst",
   "ftype": "file",
   "chksum_type": "sha256",
   "chksum_sha256": "51cb81fc87bc4e92c6442a15d218fa9425bf8b19cb47f33e3e7a7c9b6c1cc560",
   "format": 1
  },
  {
   "name": "docs/ansible.netcommon.cli_command_module.rst",
   "ftype": "file",
   "chksum_type": "sha256",
   "chksum_sha256": "1ecd9233008970791caa20ab031e89254efa8ae3958f4b82cd2004f77b3ed78a",
   "format": 1
  },
  {
   "name": "docs/ansible.netcommon.restconf_config_module.rst",
   "ftype": "file",
   "chksum_type": "sha256",
   "chksum_sha256": "8202fa525ea6fe95d25f578c612b7aab8cc75d97c0f59b233420cfb342de807c",
   "format": 1
  },
  {
   "name": "docs/ansible.netcommon.grpc_config_module.rst",
   "ftype": "file",
   "chksum_type": "sha256",
   "chksum_sha256": "cdfd7cd10a332cd9477427ecb8eb1123671455404cbbe1ea62d6da0ee88ccb84",
   "format": 1
  },
  {
   "name": "docs/ansible.netcommon.cli_backup_module.rst",
   "ftype": "file",
   "chksum_type": "sha256",
   "chksum_sha256": "86c8907e90eaf0d18043c78567a70501bf6257ec50bb20753966bd3fb8ed0428",
   "format": 1
  },
  {
   "name": ".isort.cfg",
   "ftype": "file",
   "chksum_type": "sha256",
   "chksum_sha256": "1e2efdac7205264ed7e9a36db8b351479eaad807ae3acdb2c2d4abe606328765",
   "format": 1
  },
  {
   "name": "pyproject.toml",
   "ftype": "file",
   "chksum_type": "sha256",
   "chksum_sha256": "3ff9699724c6eb8760860135965bbc4284f1ae2d13bc9649a94f0713dee0b4d5",
   "format": 1
  },
  {
   "name": ".flake8",
   "ftype": "file",
   "chksum_type": "sha256",
   "chksum_sha256": "8e053c08fd20ac8c8004c6b67837862b4ba3f2a36fd039ec44936cab4495c124",
   "format": 1
  },
  {
   "name": "LICENSES",
   "ftype": "dir",
   "chksum_type": null,
   "chksum_sha256": null,
   "format": 1
  },
  {
   "name": "LICENSES/GPL-3.0-or-later.txt",
   "ftype": "file",
   "chksum_type": "sha256",
   "chksum_sha256": "3972dc9744f6499f0f9b2dbf76696f2ae7ad8af9b23dde66d6af86c9dfb36986",
   "format": 1
  },
  {
   "name": "LICENSES/PSF-2.0.txt",
   "ftype": "file",
   "chksum_type": "sha256",
   "chksum_sha256": "bb27f2829b315447199ab930b6d0e0ae6716754ebfa4ccf81f6eb7738b0f963a",
   "format": 1
  },
  {
   "name": "LICENSES/BSD-2-Clause.txt",
   "ftype": "file",
   "chksum_type": "sha256",
   "chksum_sha256": "f6036f79d054f42e11f2dd52458b4d2282e901d197955e598bf1a23600280cf0",
   "format": 1
  },
  {
   "name": "bindep.txt",
   "ftype": "file",
   "chksum_type": "sha256",
   "chksum_sha256": "48ff33d9cce83a548c37cd02771dc9eff02834a93b58e1cde10735b7f65bda98",
   "format": 1
  },
  {
   "name": "changelogs",
   "ftype": "dir",
   "chksum_type": null,
   "chksum_sha256": null,
   "format": 1
  },
  {
   "name": "changelogs/fragments",
   "ftype": "dir",
   "chksum_type": null,
   "chksum_sha256": null,
   "format": 1
  },
  {
   "name": "changelogs/fragments/.keep",
   "ftype": "file",
   "chksum_type": "sha256",
   "chksum_sha256": "e3b0c44298fc1c149afbf4c8996fb92427ae41e4649b934ca495991b7852b855",
   "format": 1
  },
  {
   "name": "changelogs/config.yaml",
   "ftype": "file",
   "chksum_type": "sha256",
   "chksum_sha256": "5fc940cdae49577df5bc9b35b1f0bbbe531e9dd75569c60c636c39ea8b608aa4",
   "format": 1
  },
  {
   "name": "changelogs/CHANGELOG.rst",
   "ftype": "file",
   "chksum_type": "sha256",
   "chksum_sha256": "0ccda3a775ac79df07a7a7f0cff6c9f157793d95e60f5fe4a2326592b346819e",
   "format": 1
  },
  {
   "name": "changelogs/changelog.yaml",
   "ftype": "file",
   "chksum_type": "sha256",
   "chksum_sha256": "c585243c7d107465fcb2d9e5e5e6eab0f37500b347a944818c0d70c93395408b",
   "format": 1
  },
  {
   "name": "tox.ini",
   "ftype": "file",
   "chksum_type": "sha256",
   "chksum_sha256": "8bab7b483e32f4b1e68ece66140512c0bed5b82f39193a9f647a3b14d66ba2f5",
   "format": 1
  },
  {
   "name": "CHANGELOG.rst",
   "ftype": "file",
   "chksum_type": "sha256",
   "chksum_sha256": "1906c2dd259a1dba2715ecfb932f1a56b0ba5da9d05ffcfbb4c0964e5c9f1daf",
   "format": 1
  },
  {
   "name": ".gitignore",
   "ftype": "file",
   "chksum_type": "sha256",
   "chksum_sha256": "ff53015667831bfc9f6933b3ce958e5c5cf9d7125b121e415320dddc956fe291",
   "format": 1
  },
  {
   "name": ".pre-commit-config.yaml",
   "ftype": "file",
   "chksum_type": "sha256",
   "chksum_sha256": "9145561bcb7e19a6d49d3d329fd5a0015b673c5221b93fc64f1ff458c538ba60",
   "format": 1
  },
  {
   "name": ".prettierignore",
   "ftype": "file",
   "chksum_type": "sha256",
   "chksum_sha256": "e696270d185b0a5b2b3a6087a748f805e2b7dbaf00d3dc99bc935e4bfa380397",
   "format": 1
  },
  {
   "name": ".github",
   "ftype": "dir",
   "chksum_type": null,
   "chksum_sha256": null,
   "format": 1
  },
  {
   "name": ".github/workflows",
   "ftype": "dir",
   "chksum_type": null,
   "chksum_sha256": null,
   "format": 1
  },
  {
   "name": ".github/workflows/codecoverage.yml",
   "ftype": "file",
   "chksum_type": "sha256",
   "chksum_sha256": "12a75af7bae4b0b577044e08cca9806031ce690eb8e041539a50b4b698c61f6f",
   "format": 1
  },
  {
   "name": ".github/workflows/lint.yml",
   "ftype": "file",
   "chksum_type": "sha256",
   "chksum_sha256": "00ec226f9d546aed8f548329d672d9c60783cc597cef1dd9422e4d2f20078510",
   "format": 1
  },
  {
   "name": ".github/workflows/ack.yml",
   "ftype": "file",
   "chksum_type": "sha256",
   "chksum_sha256": "24c6fbafaa69e3e3ee696f2cefa5120794b62cef7e870553dddce8b8af0a127c",
   "format": 1
  },
  {
   "name": ".github/workflows/release.yml",
   "ftype": "file",
   "chksum_type": "sha256",
   "chksum_sha256": "c9b7dba505905600bbb9f0d8e9956b7cc20f80edfa742dfdae9395542f417aa1",
   "format": 1
  },
  {
   "name": ".github/workflows/token_refresh.yml",
   "ftype": "file",
   "chksum_type": "sha256",
   "chksum_sha256": "2a05a918a6d5d850b2b2de22eb8dc72b97bddc3767afe717d05868fa8327a8fc",
   "format": 1
  },
  {
   "name": ".github/workflows/push.yml",
   "ftype": "file",
   "chksum_type": "sha256",
   "chksum_sha256": "a3cea4a34af70cd6c1013b5b915c8ffe20e94ecec6a212ab48849f648021a587",
   "format": 1
  },
  {
   "name": ".github/workflows/tests.yml",
   "ftype": "file",
   "chksum_type": "sha256",
   "chksum_sha256": "fa5b6c5201805f1e62703399e5af2332628a7020757284915c9a335f5e2c26a7",
   "format": 1
  },
  {
   "name": ".github/release-drafter.yml",
   "ftype": "file",
   "chksum_type": "sha256",
   "chksum_sha256": "7cbc785c8661033cd9dd7a60897484fce731cbe3dc124a689fc3e934b1d974fb",
   "format": 1
  }
 ],
 "format": 1
}